Họ và tên,email,mật khẩu
Nguyễn Văn An,vanan@gmail.com,password123
Trần Thị Bình,thibinh@gmail.com,password123
Lê Minh Cường,minhcuong@gmail.com,password123
Phạm Thị Dung,thidung@gmail.com,password123
Hoàng Văn Giang,vangiang@gmail.com,password123
Vũ Thị Hạnh,thihanh@gmail.com,password123
Đặng Minh Hùng,minhhung@gmail.com,password123
Bùi Thu Yến,thuyen@gmail.com,password123
Ngô Quốc Khoa,quockhoa@gmail.com,password123
Đỗ Thị Lan,thilan@gmail.com,password123
Trịnh Văn Mạnh,vanmanh@gmail.com,password123
Mai Thị Ngọc,thingoc@gmail.com,password123
Hồ Văn Oanh,vanoanh@gmail.com,password123
Dương Thị Phượng,thiphuong@gmail.com,password123
Lý Minh Quân,minhquan@gmail.com,password123
Vương Thị Sen,thisen@gmail.com,password123
Tạ Văn Tuấn,vantuan@gmail.com,password123
Chu Thị Uyên,thiuyen@gmail.com,password123
Lương Văn Việt,vanviet@gmail.com,password123
Phan Thị Xuân,thixuan@gmail.com,password123